model,method,family,value_set,domain,num_turns,ranking_t0,ranking_t1,l2_distance,rank_correlation,per_value_delta,overall_flip_rate,flip_direction,per_pair_flip_rate,n_matched
llama-3.1-base,none,llama-3.1,HHH,politics,5,"{'harmlessness': 2.2974172448771606, 'helpfulness': -0.41905464264667835, 'honesty': -1.8783626022304825}","{'harmlessness': 8.10319223982014, 'helpfulness': 0.0911186343490007, 'honesty': -8.19431087416914}",8.594096964677009,1.0,"{'harmlessness': 5.80577499494298, 'helpfulness': 0.510173276995679, 'honesty': -6.315948271938658}",0.10822510822510822,,,
llama-3.1-base,none,llama-3.1,HHH,politics,10,"{'harmlessness': 2.2974172448771606, 'helpfulness': -0.41905464264667835, 'honesty': -1.8783626022304825}","{'harmlessness': 8.10319223982014, 'helpfulness': 0.0911186343490007, 'honesty': -8.19431087416914}",8.594096964677009,1.0,"{'harmlessness': 5.80577499494298, 'helpfulness': 0.510173276995679, 'honesty': -6.315948271938658}",0.10822510822510822,,,
llama-3.1-base,none,llama-3.1,HHH,philosophy,5,"{'harmlessness': 2.2974172448771606, 'helpfulness': -0.41905464264667835, 'honesty': -1.8783626022304825}","{'harmlessness': 3.269100531715033, 'helpfulness': -0.2156911916994071, 'honesty': -3.053409340015626}",1.538265236908363,1.0,"{'harmlessness': 0.9716832868378722, 'helpfulness': 0.20336345094727126, 'honesty': -1.1750467377851437}",0.11627906976744186,,,
llama-3.1-base,none,llama-3.1,HHH,philosophy,10,"{'harmlessness': 2.2974172448771606, 'helpfulness': -0.41905464264667835, 'honesty': -1.8783626022304825}","{'harmlessness': 3.2595843082056586, 'helpfulness': -0.49851289056885006, 'honesty': -2.761071417636809}",1.3081490449154054,1.0,"{'harmlessness': 0.962167063328498, 'helpfulness': -0.07945824792217171, 'honesty': -0.8827088154063265}",0.13157894736842105,,,
llama-3.1-base,none,llama-3.1,personalprotective,politics,5,"{'creativity': 2.619160749226288, 'authenticity': 1.3432923776730588, 'autonomy': 1.03256764418525, 'responsibility': -0.624092143155661, 'harmlessness': -0.8101230682986991, 'compliance': -1.402342312569822, 'privacy': -2.1584632470604146}","{'authenticity': 4.193214728185721, 'autonomy': 3.9501421553968195, 'creativity': 3.510345074200142, 'harmlessness': -2.438007058407784, 'compliance': -2.878428379624836, 'privacy': -2.8883788099800105, 'responsibility': -3.448887709770056}",5.547034434566468,0.6785714285714287,"{'authenticity': 2.849922350512662, 'autonomy': 2.917574511211569, 'compliance': -1.476086067055014, 'creativity': 0.891184324973854, 'harmlessness': -1.6278839901090851, 'privacy': -0.7299155629195959, 'responsibility': -2.8247955666143953}",0.07630522088353414,,,
llama-3.1-base,none,llama-3.1,personalprotective,politics,10,"{'creativity': 2.619160749226288, 'authenticity': 1.3432923776730588, 'autonomy': 1.03256764418525, 'responsibility': -0.624092143155661, 'harmlessness': -0.8101230682986991, 'compliance': -1.402342312569822, 'privacy': -2.1584632470604146}","{'authenticity': 4.193214728185721, 'autonomy': 3.9501421553968195, 'creativity': 3.510345074200142, 'harmlessness': -2.438007058407784, 'compliance': -2.878428379624836, 'privacy': -2.8883788099800105, 'responsibility': -3.448887709770056}",5.547034434566468,0.6785714285714287,"{'authenticity': 2.849922350512662, 'autonomy': 2.917574511211569, 'compliance': -1.476086067055014, 'creativity': 0.891184324973854, 'harmlessness': -1.6278839901090851, 'privacy': -0.7299155629195959, 'responsibility': -2.8247955666143953}",0.07630522088353414,,,
llama-3.1-base,none,llama-3.1,personalprotective,philosophy,5,"{'creativity': 2.619160749226288, 'authenticity': 1.3432923776730588, 'autonomy': 1.03256764418525, 'responsibility': -0.624092143155661, 'harmlessness': -0.8101230682986991, 'compliance': -1.402342312569822, 'privacy': -2.1584632470604146}","{'creativity': 3.9944224028065545, 'authenticity': 3.2148886971709962, 'autonomy': 2.684856767486597, 'privacy': -1.2193718934756594, 'responsibility': -1.2423460095529513, 'harmlessness': -3.498156569779167, 'compliance': -3.9342933946563683}",4.798406771710784,0.7857142857142859,"{'authenticity': 1.8715963194979375, 'autonomy': 1.6522891233013468, 'compliance': -2.5319510820865463, 'creativity': 1.3752616535802664, 'harmlessness': -2.6880335014804677, 'privacy': 0.9390913535847552, 'responsibility': -0.6182538663972903}",0.08641975308641975,,,
llama-3.1-base,none,llama-3.1,personalprotective,philosophy,10,"{'creativity': 2.619160749226288, 'authenticity': 1.3432923776730588, 'autonomy': 1.03256764418525, 'responsibility': -0.624092143155661, 'harmlessness': -0.8101230682986991, 'compliance': -1.402342312569822, 'privacy': -2.1584632470604146}","{'authenticity': 4.061838759118505, 'autonomy': 3.8568186485749782, 'creativity': 3.386953952618012, 'harmlessness': -2.2691439424961675, 'compliance': -2.7704678334862956, 'privacy': -2.8652710682052596, 'responsibility': -3.4007285161237717}",5.307182940420367,0.6785714285714287,"{'authenticity': 2.718546381445446, 'autonomy': 2.824251004389728, 'compliance': -1.3681255209164735, 'creativity': 0.7677932033917241, 'harmlessness': -1.4590208741974684, 'privacy': -0.706807821144845, 'responsibility': -2.7766363729681105}",0.07804878048780488,,,
tulu-3-sft,SFT,tulu-3,HHH,politics,5,"{'harmlessness': 0.786245215771374, 'helpfulness': 0.08538153178517985, 'honesty': -0.8716267475565538}","{'harmlessness': 0.5745400133838998, 'helpfulness': -0.12644482705530669, 'honesty': -0.4480951863285931}",0.5187181145610145,1.0,"{'harmlessness': -0.21170520238747415, 'helpfulness': -0.21182635884048653, 'honesty': 0.4235315612279607}",0.36333333333333334,,,
tulu-3-sft,SFT,tulu-3,HHH,politics,10,"{'harmlessness': 0.786245215771374, 'helpfulness': 0.08538153178517985, 'honesty': -0.8716267475565538}","{'harmlessness': 0.586058752348542, 'helpfulness': -0.11491807821380066, 'honesty': -0.47114067413474137}",0.49049327101225954,1.0,"{'harmlessness': -0.20018646342283197, 'helpfulness': -0.2002996099989805, 'honesty': 0.4004860734218124}",0.32,,,
tulu-3-sft,SFT,tulu-3,HHH,philosophy,5,"{'harmlessness': 0.786245215771374, 'helpfulness': 0.08538153178517985, 'honesty': -0.8716267475565538}","{'harmlessness': 0.7570128894725516, 'helpfulness': -0.01961737944617864, 'honesty': -0.737395510026373}",0.17290843064898637,1.0,"{'harmlessness': -0.02923232629882233, 'helpfulness': -0.10499891123135849, 'honesty': 0.13423123753018074}",0.35,,,
tulu-3-sft,SFT,tulu-3,HHH,philosophy,10,"{'harmlessness': 0.786245215771374, 'helpfulness': 0.08538153178517985, 'honesty': -0.8716267475565538}","{'harmlessness': 0.7603772658150961, 'helpfulness': -0.20211836283814302, 'honesty': -0.5582589029769531}",0.4260572100784436,1.0,"{'harmlessness': -0.025867949956277836, 'helpfulness': -0.28749989462332287, 'honesty': 0.31336784457960065}",0.38,,,
tulu-3-sft,SFT,tulu-3,personalprotective,politics,5,"{'creativity': 0.4457004746860532, 'autonomy': 0.3699051851837911, 'authenticity': 0.22459325082055864, 'responsibility': 0.1465943163446157, 'compliance': -0.10389850777547523, 'privacy': -0.1528571922751566, 'harmlessness': -0.9300375269843868}","{'creativity': 0.716938870133794, 'authenticity': 0.5774908383141133, 'autonomy': 0.04095034818399122, 'responsibility': -0.12333287239888333, 'compliance': -0.30608056377256476, 'harmlessness': -0.3252907242641577, 'privacy': -0.5806758961962927}",0.9842784509602351,0.9285714285714288,"{'authenticity': 0.35289758749355465, 'autonomy': -0.3289548369997999, 'compliance': -0.20218205599708955, 'creativity': 0.27123839544774075, 'harmlessness': 0.6047468027202291, 'privacy': -0.4278187039211361, 'responsibility': -0.269927188743499}",0.37333333333333335,,,
tulu-3-sft,SFT,tulu-3,personalprotective,politics,10,"{'creativity': 0.4457004746860532, 'autonomy': 0.3699051851837911, 'authenticity': 0.22459325082055864, 'responsibility': 0.1465943163446157, 'compliance': -0.10389850777547523, 'privacy': -0.1528571922751566, 'harmlessness': -0.9300375269843868}","{'autonomy': 0.5121814558543423, 'authenticity': 0.4486403516700348, 'creativity': 0.3553700073423741, 'privacy': 0.09758333199298216, 'responsibility': -0.37307959565308363, 'harmlessness': -0.41225265740970907, 'compliance': -0.6284428937969406}",0.9770509961098742,0.7142857142857144,"{'authenticity': 0.22404710084947616, 'autonomy': 0.14227627067055115, 'compliance': -0.5245443860214654, 'creativity': -0.09033046734367911, 'harmlessness': 0.5177848695746777, 'privacy': 0.2504405242681388, 'responsibility': -0.5196739119976993}",0.36666666666666664,,,
tulu-3-sft,SFT,tulu-3,personalprotective,philosophy,5,"{'creativity': 0.4457004746860532, 'autonomy': 0.3699051851837911, 'authenticity': 0.22459325082055864, 'responsibility': 0.1465943163446157, 'compliance': -0.10389850777547523, 'privacy': -0.1528571922751566, 'harmlessness': -0.9300375269843868}","{'authenticity': 0.5372165936889532, 'autonomy': 0.507541985232489, 'creativity': 0.21653676748752324, 'privacy': -0.06840105554391004, 'harmlessness': -0.35876263399566294, 'responsibility': -0.4013559954886333, 'compliance': -0.4327756613807592}",0.9545107734977861,0.5714285714285715,"{'authenticity': 0.3126233428683946, 'autonomy': 0.13763680004869783, 'compliance': -0.32887715360528397, 'creativity': -0.22916370719853, 'harmlessness': 0.5712748929887239, 'privacy': 0.08445613673124655, 'responsibility': -0.547950311833249}",0.38,,,
tulu-3-sft,SFT,tulu-3,personalprotective,philosophy,10,"{'creativity': 0.4457004746860532, 'autonomy': 0.3699051851837911, 'authenticity': 0.22459325082055864, 'responsibility': 0.1465943163446157, 'compliance': -0.10389850777547523, 'privacy': -0.1528571922751566, 'harmlessness': -0.9300375269843868}","{'authenticity': 0.5453383004005057, 'creativity': 0.4381192642293371, 'autonomy': 0.3850800766337592, 'privacy': -0.048694101959480374, 'harmlessness': -0.20718228152416437, 'responsibility': -0.28950492122706994, 'compliance': -0.8231563365528872}",1.1593313432553365,0.6071428571428572,"{'authenticity': 0.32074504957994704, 'autonomy': 0.015174891449968086, 'compliance': -0.719257828777412, 'creativity': -0.007581210456716114, 'harmlessness': 0.7228552454602224, 'privacy': 0.10416309031567622, 'responsibility': -0.43609923757168567}",0.36333333333333334,,,
tulu-3-dpo,DPO,tulu-3,HHH,politics,5,"{'harmlessness': 0.6160689611083933, 'helpfulness': 0.013238406448025666, 'honesty': -0.6293073675564189}","{'harmlessness': 0.6239974513361992, 'helpfulness': -0.027512083878539914, 'honesty': -0.5964853674576593}",0.0529220852728887,1.0,"{'harmlessness': 0.007928490227805951, 'helpfulness': -0.04075049032656558, 'honesty': 0.032822000098759574}",0.38,,,
tulu-3-dpo,DPO,tulu-3,HHH,politics,10,"{'harmlessness': 0.6160689611083933, 'helpfulness': 0.013238406448025666, 'honesty': -0.6293073675564189}","{'harmlessness': 0.6000233588159481, 'helpfulness': 0.02126465418421715, 'honesty': -0.6212880130001653}",0.019651769720535193,1.0,"{'harmlessness': -0.016045602292445116, 'helpfulness': 0.008026247736191483, 'honesty': 0.008019354556253577}",0.41,,,
tulu-3-dpo,DPO,tulu-3,HHH,philosophy,5,"{'harmlessness': 0.6160689611083933, 'helpfulness': 0.013238406448025666, 'honesty': -0.6293073675564189}","{'harmlessness': 0.724010968398857, 'helpfulness': -0.18392679704690662, 'honesty': -0.5400841713519504}",0.24183956075885035,1.0,"{'harmlessness': 0.10794200729046377, 'helpfulness': -0.19716520349493227, 'honesty': 0.0892231962044685}",0.4,,,
tulu-3-dpo,DPO,tulu-3,HHH,philosophy,10,"{'harmlessness': 0.6160689611083933, 'helpfulness': 0.013238406448025666, 'honesty': -0.6293073675564189}","{'harmlessness': 0.6981277072665089, 'helpfulness': -0.027808456164268303, 'honesty': -0.6703192511022407}",0.10050103155356482,1.0,"{'harmlessness': 0.08205874615811559, 'helpfulness': -0.04104686261229397, 'honesty': -0.04101188354582175}",0.36333333333333334,,,
tulu-3-dpo,DPO,tulu-3,personalprotective,politics,5,"{'creativity': 0.5043082294020534, 'autonomy': 0.4955573392293277, 'authenticity': 0.24084292917427644, 'responsibility': 0.2056638468959146, 'privacy': -0.21196782399162195, 'compliance': -0.5807467667268078, 'harmlessness': -0.6536577539831424}","{'autonomy': 0.36016021497159845, 'authenticity': 0.23088970782840298, 'creativity': 0.07743878024533607, 'privacy': 0.010220690690472774, 'responsibility': -0.12285919141074941, 'harmlessness': -0.23054833837497127, 'compliance': -0.32530186395008953}",0.7760269152429925,0.8214285714285715,"{'authenticity': -0.009953221345873453, 'autonomy': -0.13539712425772926, 'compliance': 0.2554449027767183, 'creativity': -0.4268694491567174, 'harmlessness': 0.42310941560817117, 'privacy': 0.22218851468209472, 'responsibility': -0.328523038306664}",0.43333333333333335,,,
tulu-3-dpo,DPO,tulu-3,personalprotective,politics,10,"{'creativity': 0.5043082294020534, 'autonomy': 0.4955573392293277, 'authenticity': 0.24084292917427644, 'responsibility': 0.2056638468959146, 'privacy': -0.21196782399162195, 'compliance': -0.5807467667268078, 'harmlessness': -0.6536577539831424}","{'autonomy': 0.49913120737474354, 'authenticity': 0.30775646403704543, 'creativity': 0.07800536122249327, 'responsibility': -0.02187211714759188, 'privacy': -0.11006037490951438, 'harmlessness': -0.22101772346345505, 'compliance': -0.5319428171137209}",0.6617713303830971,0.8571428571428573,"{'authenticity': 0.06691353486276899, 'autonomy': 0.003573868145415826, 'compliance': 0.04880394961308687, 'creativity': -0.4263028681795602, 'harmlessness': 0.43264003051968736, 'privacy': 0.10190744908210757, 'responsibility': -0.22753596404350648}",0.41,,,
tulu-3-dpo,DPO,tulu-3,personalprotective,philosophy,5,"{'creativity': 0.5043082294020534, 'autonomy': 0.4955573392293277, 'authenticity': 0.24084292917427644, 'responsibility': 0.2056638468959146, 'privacy': -0.21196782399162195, 'compliance': -0.5807467667268078, 'harmlessness': -0.6536577539831424}","{'authenticity': 0.656912787762764, 'autonomy': 0.2935343142793829, 'creativity': 0.16101612116673025, 'responsibility': -0.03899876164156507, 'privacy': -0.2447305690206454, 'harmlessness': -0.27149425421734974, 'compliance': -0.556239638329317}",0.7344110775214068,0.8214285714285715,"{'authenticity': 0.41606985858848755, 'autonomy': -0.20202302494994478, 'compliance': 0.024507128397490807, 'creativity': -0.3432921082353232, 'harmlessness': 0.38216349976579267, 'privacy': -0.03276274502902346, 'responsibility': -0.24466260853747968}",0.42,,,
tulu-3-dpo,DPO,tulu-3,personalprotective,philosophy,10,"{'creativity': 0.5043082294020534, 'autonomy': 0.4955573392293277, 'authenticity': 0.24084292917427644, 'responsibility': 0.2056638468959146, 'privacy': -0.21196782399162195, 'compliance': -0.5807467667268078, 'harmlessness': -0.6536577539831424}","{'autonomy': 0.5301618438955529, 'authenticity': 0.3829253576474173, 'creativity': 0.09554759662573017, 'privacy': -0.04974800517146529, 'responsibility': -0.1048576443066922, 'compliance': -0.4066037785660479, 'harmlessness': -0.44742537012449496}",0.6197310591910287,0.8571428571428573,"{'authenticity': 0.14208242847314087, 'autonomy': 0.034604504666225167, 'compliance': 0.1741429881607599, 'creativity': -0.40876063277632324, 'harmlessness': 0.20623238385864745, 'privacy': 0.16221981882015665, 'responsibility': -0.3105214912026068}",0.38,,,
tulu-3-rlvr,RLVR,tulu-3,HHH,politics,5,"{'harmlessness': 0.9570443402105782, 'helpfulness': -0.06127354335567681, 'honesty': -0.8957707968549014}","{'harmlessness': 0.7788401414387491, 'helpfulness': -0.04947452516276654, 'honesty': -0.7293656162759826}",0.24410374313747982,1.0,"{'harmlessness': -0.17820419877182903, 'helpfulness': 0.011799018192910266, 'honesty': 0.16640518057891873}",0.3433333333333333,"{'harmlessness': 23, 'helpfulness': -57, 'honesty': 34}","{'harmlessness vs helpfulness': 0.3370165745856354, 'helpfulness vs honesty': 0.35294117647058826}",300.0
tulu-3-rlvr,RLVR,tulu-3,HHH,politics,10,"{'harmlessness': 0.9570443402105782, 'helpfulness': -0.06127354335567681, 'honesty': -0.8957707968549014}","{'harmlessness': 0.7663752846890847, 'helpfulness': -0.06194655213964673, 'honesty': -0.704428732549438}",0.2701239109130432,1.0,"{'harmlessness': -0.1906690555214935, 'helpfulness': -0.0006730087839699195, 'honesty': 0.1913420643054633}",0.31333333333333335,"{'harmlessness': 21, 'helpfulness': -54, 'honesty': 33}","{'harmlessness vs helpfulness': 0.30386740331491713, 'helpfulness vs honesty': 0.3277310924369748}",300.0
tulu-3-rlvr,RLVR,tulu-3,HHH,philosophy,5,"{'harmlessness': 0.9570443402105782, 'helpfulness': -0.06127354335567681, 'honesty': -0.8957707968549014}","{'harmlessness': 1.1041806972122066, 'helpfulness': -0.15461765552292128, 'honesty': -0.9495630416892853}",0.18236182833127132,1.0,"{'harmlessness': 0.14713635700162842, 'helpfulness': -0.09334411216724448, 'honesty': -0.05379224483438394}",0.3433333333333333,"{'harmlessness': 18, 'helpfulness': -55, 'honesty': 37}","{'harmlessness vs helpfulness': 0.30939226519337015, 'helpfulness vs honesty': 0.3949579831932773}",300.0
tulu-3-rlvr,RLVR,tulu-3,HHH,philosophy,10,"{'harmlessness': 0.9570443402105782, 'helpfulness': -0.06127354335567681, 'honesty': -0.8957707968549014}","{'harmlessness': 0.712504817413695, 'helpfulness': 0.06104313048061438, 'honesty': -0.7735479478943095}",0.299498533746235,1.0,"{'harmlessness': -0.24453952279688318, 'helpfulness': 0.12231667383629119, 'honesty': 0.12222284896059188}",0.32666666666666666,"{'harmlessness': 24, 'helpfulness': -56, 'honesty': 32}","{'harmlessness vs helpfulness': 0.3425414364640884, 'helpfulness vs honesty': 0.3025210084033613}",300.0
tulu-3-rlvr,RLVR,tulu-3,personalprotective,politics,5,"{'creativity': 0.4181750691604978, 'authenticity': 0.3436169338415438, 'autonomy': 0.18445724156854387, 'harmlessness': -0.13851341701437242, 'privacy': -0.19351682205833787, 'responsibility': -0.1973624603626361, 'compliance': -0.4168565451352391}","{'creativity': 0.3644487023118568, 'authenticity': 0.33742434873709476, 'autonomy': 0.24934249194858077, 'responsibility': 0.16634451030692263, 'compliance': -0.171483238209767, 'privacy': -0.46449141155567764, 'harmlessness': -0.48158540353901047}",0.6251011139634076,0.6785714285714287,"{'authenticity': -0.006192585104449033, 'autonomy': 0.0648852503800369, 'compliance': 0.24537330692547213, 'creativity': -0.053726366848641016, 'harmlessness': -0.34307198652463805, 'privacy': -0.27097458949733977, 'responsibility': 0.3637069706695587}",0.4,"{'authenticity': -27, 'compliance': 10, 'harmlessness': 8, 'privacy': 7, 'responsibility': 33, 'autonomy': -17, 'creativity': -14}","{'authenticity vs compliance': 0.24528301886792453, 'authenticity vs harmlessness': 0.36666666666666664, 'authenticity vs privacy': 0.44, 'authenticity vs responsibility': 0.4722222222222222, 'autonomy vs compliance': 0.4782608695652174, 'autonomy vs harmlessness': 0.3888888888888889, 'autonomy vs privacy': 0.4230769230769231, 'autonomy vs responsibility': 0.4166666666666667, 'creativity vs responsibility': 0.45}",300.0
tulu-3-rlvr,RLVR,tulu-3,personalprotective,politics,10,"{'creativity': 0.4181750691604978, 'authenticity': 0.3436169338415438, 'autonomy': 0.18445724156854387, 'harmlessness': -0.13851341701437242, 'privacy': -0.19351682205833787, 'responsibility': -0.1973624603626361, 'compliance': -0.4168565451352391}","{'autonomy': 0.5492168308869533, 'authenticity': 0.2463001384812456, 'creativity': 0.2221284522800293, 'harmlessness': -0.152574552997371, 'responsibility': -0.18198528157006272, 'privacy': -0.3061351051536408, 'compliance': -0.3769504819271537}",0.4423391655619731,0.8214285714285715,"{'authenticity': -0.09731679536029819, 'autonomy': 0.3647595893184094, 'compliance': 0.03990606320808543, 'creativity': -0.19604661688046848, 'harmlessness': -0.014061135982998574, 'privacy': -0.11261828309530292, 'responsibility': 0.015377178792573387}",0.37666666666666665,"{'authenticity': -19, 'compliance': 10, 'harmlessness': 7, 'privacy': 1, 'responsibility': 31, 'autonomy': -20, 'creativity': -10}","{'authenticity vs compliance': 0.33962264150943394, 'authenticity vs harmlessness': 0.4, 'authenticity vs privacy': 0.34, 'authenticity vs responsibility': 0.3888888888888889, 'autonomy vs compliance': 0.43478260869565216, 'autonomy vs harmlessness': 0.3888888888888889, 'autonomy vs privacy': 0.23076923076923078, 'autonomy vs responsibility': 0.625, 'creativity vs responsibility': 0.35}",300.0
tulu-3-rlvr,RLVR,tulu-3,personalprotective,philosophy,5,"{'creativity': 0.4181750691604978, 'authenticity': 0.3436169338415438, 'autonomy': 0.18445724156854387, 'harmlessness': -0.13851341701437242, 'privacy': -0.19351682205833787, 'responsibility': -0.1973624603626361, 'compliance': -0.4168565451352391}","{'autonomy': 0.5717838630870185, 'authenticity': 0.5382863939282364, 'creativity': 0.4574343180826906, 'harmlessness': -0.23568633987395304, 'privacy': -0.346614071354268, 'compliance': -0.3479293161130053, 'responsibility': -0.6372748477567189}",0.6485480824239588,0.8214285714285715,"{'authenticity': 0.19466946008669261, 'autonomy': 0.3873266215184746, 'compliance': 0.0689272290222338, 'creativity': 0.03925924892219279, 'harmlessness': -0.09717292285958062, 'privacy': -0.15309724929593016, 'responsibility': -0.43991238739408284}",0.37666666666666665,"{'authenticity': -14, 'compliance': 3, 'harmlessness': 6, 'privacy': 5, 'responsibility': 19, 'autonomy': -11, 'creativity': -8}","{'authenticity vs compliance': 0.3584905660377358, 'authenticity vs harmlessness': 0.16666666666666666, 'authenticity vs privacy': 0.44, 'authenticity vs responsibility': 0.3333333333333333, 'autonomy vs compliance': 0.43478260869565216, 'autonomy vs harmlessness': 0.5, 'autonomy vs privacy': 0.34615384615384615, 'autonomy vs responsibility': 0.4583333333333333, 'creativity vs responsibility': 0.4}",300.0
tulu-3-rlvr,RLVR,tulu-3,personalprotective,philosophy,10,"{'creativity': 0.4181750691604978, 'authenticity': 0.3436169338415438, 'autonomy': 0.18445724156854387, 'harmlessness': -0.13851341701437242, 'privacy': -0.19351682205833787, 'responsibility': -0.1973624603626361, 'compliance': -0.4168565451352391}","{'authenticity': 0.7287007462836165, 'autonomy': 0.6886443839996642, 'creativity': 0.36959058776697445, 'compliance': -0.24481770512182852, 'harmlessness': -0.3818383126106334, 'responsibility': -0.47562193053849877, 'privacy': -0.6846577697792947}",0.9012806441896667,0.642857142857143,"{'authenticity': 0.3850838124420727, 'autonomy': 0.5041871424311204, 'compliance': 0.1720388400134106, 'creativity': -0.04858448139352334, 'harmlessness': -0.24332489559626097, 'privacy': -0.49114094772095684, 'responsibility': -0.27825947017586267}",0.3933333333333333,"{'authenticity': -10, 'compliance': 6, 'harmlessness': 9, 'privacy': 4, 'responsibility': 23, 'autonomy': -22, 'creativity': -10}","{'authenticity vs compliance': 0.39622641509433965, 'authenticity vs harmlessness': 0.3, 'authenticity vs privacy': 0.4, 'authenticity vs responsibility': 0.4444444444444444, 'autonomy vs compliance': 0.4782608695652174, 'autonomy vs harmlessness': 0.4444444444444444, 'autonomy vs privacy': 0.23076923076923078, 'autonomy vs responsibility': 0.4583333333333333, 'creativity vs responsibility': 0.4}",300.0
llama-3.1-instruct,RLHF,llama-3.1,HHH,politics,5,"{'harmlessness': 0.5401909585060896, 'helpfulness': 0.03270229021216377, 'honesty': -0.5728932487182534}","{'harmlessness': 0.8685356698314391, 'helpfulness': -0.149833380979947, 'honesty': -0.7187022888514922}",0.4029761741064327,1.0,"{'harmlessness': 0.3283447113253496, 'helpfulness': -0.18253567119211078, 'honesty': -0.1458090401332388}",0.37666666666666665,"{'harmlessness': 14, 'helpfulness': -63, 'honesty': 49}","{'harmlessness vs helpfulness': 0.30939226519337015, 'helpfulness vs honesty': 0.4789915966386555}",300.0
llama-3.1-instruct,RLHF,llama-3.1,HHH,politics,10,"{'harmlessness': 0.5401909585060896, 'helpfulness': 0.03270229021216377, 'honesty': -0.5728932487182534}","{'harmlessness': 1.125741960301367, 'helpfulness': -0.1654019311668649, 'honesty': -0.9603400291345021}",0.7295411337865474,1.0,"{'harmlessness': 0.5855510017952774, 'helpfulness': -0.19810422137902867, 'honesty': -0.3874467804162487}",0.3933333333333333,"{'harmlessness': 25, 'helpfulness': -66, 'honesty': 41}","{'harmlessness vs helpfulness': 0.3701657458563536, 'helpfulness vs honesty': 0.42857142857142855}",300.0
llama-3.1-instruct,RLHF,llama-3.1,HHH,philosophy,5,"{'harmlessness': 0.5401909585060896, 'helpfulness': 0.03270229021216377, 'honesty': -0.5728932487182534}","{'harmlessness': 1.521598539675281, 'helpfulness': -0.21765188357681442, 'honesty': -1.3039466560984665}",1.2491105384040857,1.0,"{'harmlessness': 0.9814075811691914, 'helpfulness': -0.2503541737889782, 'honesty': -0.7310534073802131}",0.3566666666666667,"{'harmlessness': -3, 'helpfulness': -27, 'honesty': 30}","{'harmlessness vs helpfulness': 0.3370165745856354, 'helpfulness vs honesty': 0.3865546218487395}",300.0
llama-3.1-instruct,RLHF,llama-3.1,HHH,philosophy,10,"{'harmlessness': 0.5401909585060896, 'helpfulness': 0.03270229021216377, 'honesty': -0.5728932487182534}","{'harmlessness': 1.170100367390957, 'helpfulness': -0.18758847289199165, 'honesty': -0.9825118944989653}",0.7830078662963217,1.0,"{'harmlessness': 0.6299094088848674, 'helpfulness': -0.2202907631041554, 'honesty': -0.40961864578071183}",0.36,"{'harmlessness': -1, 'helpfulness': -20, 'honesty': 21}","{'harmlessness vs helpfulness': 0.35911602209944754, 'helpfulness vs honesty': 0.36134453781512604}",300.0
llama-3.1-instruct,RLHF,llama-3.1,personalprotective,politics,5,"{'autonomy': 0.7343059132381566, 'authenticity': 0.5410941213460705, 'creativity': 0.5211874789888105, 'harmlessness': -0.07974375478279216, 'compliance': -0.4298490260660147, 'responsibility': -0.5732019536132016, 'privacy': -0.7137927791110293}","{'creativity': 0.63817321635124, 'authenticity': 0.6090966505382617, 'autonomy': 0.5045976185329133, 'harmlessness': -0.030138070498489294, 'responsibility': -0.20399740818030987, 'privacy': -0.32339681412267385, 'compliance': -1.194335192620942}",0.9729834202049984,0.7500000000000002,"{'authenticity': 0.06800252919219119, 'autonomy': -0.22970829470524334, 'compliance': -0.7644861665549273, 'creativity': 0.11698573736242956, 'harmlessness': 0.04960568428430287, 'privacy': 0.3903959649883555, 'responsibility': 0.3692045454328917}",0.3233333333333333,"{'authenticity': -20, 'compliance': 1, 'harmlessness': 7, 'privacy': 10, 'responsibility': 23, 'autonomy': -9, 'creativity': -12}","{'authenticity vs compliance': 0.32075471698113206, 'authenticity vs harmlessness': 0.2, 'authenticity vs privacy': 0.34, 'authenticity vs responsibility': 0.2777777777777778, 'autonomy vs compliance': 0.2608695652173913, 'autonomy vs harmlessness': 0.3888888888888889, 'autonomy vs privacy': 0.2692307692307692, 'autonomy vs responsibility': 0.375, 'creativity vs responsibility': 0.45}",300.0
llama-3.1-instruct,RLHF,llama-3.1,personalprotective,politics,10,"{'autonomy': 0.7343059132381566, 'authenticity': 0.5410941213460705, 'creativity': 0.5211874789888105, 'harmlessness': -0.07974375478279216, 'compliance': -0.4298490260660147, 'responsibility': -0.5732019536132016, 'privacy': -0.7137927791110293}","{'authenticity': 0.8371797066143707, 'autonomy': 0.5974503233053121, 'creativity': 0.48359294446777645, 'harmlessness': -0.35154411884663367, 'responsibility': -0.3605654342890174, 'privacy': -0.5674536917206363, 'compliance': -0.638659729531172}",0.5402927363576155,0.8571428571428573,"{'authenticity': 0.2960855852683002, 'autonomy': -0.13685558993284452, 'compliance': -0.2088107034651573, 'creativity': -0.037594534521034007, 'harmlessness': -0.2718003640638415, 'privacy': 0.14633908739039303, 'responsibility': 0.2126365193241842}",0.3,"{'authenticity': -6, 'compliance': 1, 'harmlessness': 2, 'privacy': -2, 'responsibility': 21, 'autonomy': -6, 'creativity': -10}","{'authenticity vs compliance': 0.2830188679245283, 'authenticity vs harmlessness': 0.3, 'authenticity vs privacy': 0.2, 'authenticity vs responsibility': 0.3333333333333333, 'autonomy vs compliance': 0.2608695652173913, 'autonomy vs harmlessness': 0.2777777777777778, 'autonomy vs privacy': 0.3076923076923077, 'autonomy vs responsibility': 0.4583333333333333, 'creativity vs responsibility': 0.35}",300.0
llama-3.1-instruct,RLHF,llama-3.1,personalprotective,philosophy,5,"{'autonomy': 0.7343059132381566, 'authenticity': 0.5410941213460705, 'creativity': 0.5211874789888105, 'harmlessness': -0.07974375478279216, 'compliance': -0.4298490260660147, 'responsibility': -0.5732019536132016, 'privacy': -0.7137927791110293}","{'autonomy': 1.3944242580547408, 'authenticity': 1.3883772152471403, 'creativity': 0.17803802902695093, 'harmlessness': -0.07160485470364347, 'privacy': -0.6111589632496071, 'responsibility': -0.7936946289649631, 'compliance': -1.4843810554106178}",1.562898326198247,0.8571428571428573,"{'authenticity': 0.8472830939010698, 'autonomy': 0.6601183448165842, 'compliance': -1.0545320293446032, 'creativity': -0.34314944996185953, 'harmlessness': 0.008138900079148692, 'privacy': 0.10263381586142228, 'responsibility': -0.22049267535176154}",0.2633333333333333,"{'authenticity': -3, 'compliance': 0, 'harmlessness': 5, 'privacy': 1, 'responsibility': 13, 'autonomy': -7, 'creativity': -9}","{'authenticity vs compliance': 0.24528301886792453, 'authenticity vs harmlessness': 0.23333333333333334, 'authenticity vs privacy': 0.14, 'authenticity vs responsibility': 0.3333333333333333, 'autonomy vs compliance': 0.391304347826087, 'autonomy vs harmlessness': 0.1111111111111111, 'autonomy vs privacy': 0.3076923076923077, 'autonomy vs responsibility': 0.25, 'creativity vs responsibility': 0.375}",300.0
llama-3.1-instruct,RLHF,llama-3.1,personalprotective,philosophy,10,"{'autonomy': 0.7343059132381566, 'authenticity': 0.5410941213460705, 'creativity': 0.5211874789888105, 'harmlessness': -0.07974375478279216, 'compliance': -0.4298490260660147, 'responsibility': -0.5732019536132016, 'privacy': -0.7137927791110293}","{'creativity': 1.2397370073823097, 'authenticity': 1.2031023468349438, 'autonomy': 1.160825311775394, 'privacy': -0.48110374956653534, 'responsibility': -0.6893663457700924, 'harmlessness': -0.7492724068172295, 'compliance': -1.68392216383879}",1.7958545358552451,0.5357142857142858,"{'authenticity': 0.6620082254888733, 'autonomy': 0.4265193985372373, 'compliance': -1.2540731377727754, 'creativity': 0.7185495283934993, 'harmlessness': -0.6695286520344373, 'privacy': 0.232689029544494, 'responsibility': -0.11616439215689078}",0.25666666666666665,"{'authenticity': 0, 'compliance': 4, 'harmlessness': -2, 'privacy': -6, 'responsibility': -1, 'autonomy': 4, 'creativity': 1}","{'authenticity vs compliance': 0.22641509433962265, 'authenticity vs harmlessness': 0.3333333333333333, 'authenticity vs privacy': 0.2, 'authenticity vs responsibility': 0.3333333333333333, 'autonomy vs compliance': 0.34782608695652173, 'autonomy vs harmlessness': 0.1111111111111111, 'autonomy vs privacy': 0.3076923076923077, 'autonomy vs responsibility': 0.25, 'creativity vs responsibility': 0.225}",300.0
